{"name":"Easytrader Orbis","short_name":"Easytrader","theme_color":"#3c4f63","background_color":"#3c4f63","display":"standalone","scope":"/","start_url":"/","icons":[{"src":"assets/icons/icon-72x72.png","sizes":"72x72","type":"image/png"},{"src":"assets/icons/icon-96x96.png","sizes":"96x96","type":"image/png"},{"src":"assets/icons/icon-128x128.png","sizes":"128x128","type":"image/png"},{"src":"assets/icons/icon-144x144.png","sizes":"144x144","type":"image/png"},{"src":"assets/icons/icon-152x152.png","sizes":"152x152","type":"image/png"},{"src":"assets/icons/icon-192x192.png","sizes":"192x192","type":"image/png"},{"src":"assets/icons/icon-384x384.png","sizes":"384x384","type":"image/png"},{"src":"assets/icons/icon-512x512.png","sizes":"512x512","type":"image/png"}],"shortcuts":[{"name":"جستجوی سهم","short_name":"جستجوی سهم","description":"جستجوی سهم","url":"/search","icons":[{"src":"assets/shortcut_Icons/search.png","sizes":"96x96"}]},{"name":"پرتفوی من","short_name":"پرتفوی من","description":"پرتفوی من","url":"/portfolio","icons":[{"src":"assets/shortcut_Icons/portfolio.png","sizes":"96x96"}]},{"name":"واریز وجه","short_name":"واریز وجه","description":"واریز وجه","url":"/menu/money-receipt","icons":[{"src":"assets/shortcut_Icons/money-receipt.png","sizes":"96x96"}]},{"name":"نقشه بازار","short_name":"نقشه بازار","description":"نقشه بازار","url":"/market-map","icons":[{"src":"assets/shortcut_Icons/market-map.png","sizes":"96x96"}]}]}